sys_id;item;recomendacao_1a;status_modelo;codigos_comparacao;detalhe;divergencias_declaradas;criterio;motivo_modelo
26f745881b806dd4a530426fe54bcbb2;Solicitação de Exclusão da Aprovação;conversacional_com_ajustes;conversacional;;;limite_formato;;Fluxo único (excluir ajuste aprovado indevidamente). Torna-se obrigatória a data e somente leitura a empresa, e troca-se o formatter de contexto por uma pergunta aberta sobre o ajuste. Não foi possível ocultar v_company_s nem o set 'Add new contributors' da conversa: sem um valor padrão confiável para a empresa e sem um segundo derivado para onde mover o set, isso causaria perda de dado.
eec5bf8d33104f9098331c07ee5c7b53;Solicitação de Aplicação de Pagamentos - Outros clientes;conversacional_com_ajustes;conversacional;;;limite_formato;;"Intenção única para aplicar pagamento de fatura de outros clientes. Mandatory onLoad vira prop; subsidiária mantém filtro dinâmico via reference_qual."
71d664751b542550d1abda4ce54bcb0f;Informações ou dúvidas relacionadas à Licenças e Ausências;conversacional_com_ajustes;conversacional;REMOVIDA_A_MAIS, NAO_DECLARADA;"REMOVIDA_A_MAIS: modelo remove variável de dado: contextual_search_results (visual), ai_search_assist (visual)
NAO_DECLARADA: diferença sem código em ""divergencias""";;;Formulário genérico de uma única pergunta aberta sobre licenças e ausências. Os widgets de pesquisa contextual e assistência de IA só exibem resultados de busca, não coletam dado, então saem da conversa.
4b499a951b84a558a530426fe54bcb84;Solicitação para tratativa de pagamentos Varejo;conversacional_com_ajustes;conversacional;REMOVIDA_A_MENOS;REMOVIDA_A_MENOS: 1ª análise remove e o modelo mantém: v_request_type_tbs, v_country;limite_formato;;Item de pagamentos do varejo com uma intenção única. Containers/labels visuais saem, validações de CPF/CNPJ/valor viram regex, mandatórios fixos viram prop e o país (sempre oculto) vira hidden.
9869b07c1bbf1114d1abda4ce54bcb13;Devolução do Aviso de Férias;dividir;dividido;FIXAS;"FIXAS: 1ª análise: [vs_employee=usuário logado, vs_solicitation_to_whom=my_request] [vs_solicitation_to_whom=another_employee]; modelo: [—] [—]";limite_formato;;"O item mistura duas intenções bem distintas: dar ciência das próprias férias e devolver o aviso de colaboradores da equipe, cada uma com perguntas próprias. Segue a divisão da 1ª análise. A 1ª análise pedia fixar vs_solicitation_to_whom por derivado, mas essa variável pertence a um variable set compartilhado e a spec não pode alterar valor de variável de set; ela continua como pergunta normal em ambos os derivados (zero perda)."
96ae57af1b9c61d0d1abda4ce54bcbe7;Informações sobre Cartão Corporativo;dividir;dividido;;;erro_1a_analise;;Duas intenções distintas (tirar dúvida sobre o cartão vs. avisar viagem internacional), cada uma com perguntas próprias. As policies de intenção viram mandatory direto nas variáveis de cada derivado.
0d5a7420874f3a10017d65790cbb354e;Treinamentos Normativos;dividir;dividido;REMOVIDA_A_MAIS, NAO_DECLARADA;"REMOVIDA_A_MAIS: modelo remove variável de dado: select_mapping_type ({""substituida_por"":""select_which_trainings_should_be_mapped""})
NAO_DECLARADA: diferença sem código em ""divergencias""";;;"O item mistura três intenções (mapear, desmapear, pedir relatório/certificado de treinamento de NR) escolhidas por what_is_the_request, cada uma com perguntas próprias. Segue a divisão da 1ª análise, unificando o modo de mapeamento num único fluxo (tirando select_mapping_type) e removendo labels visuais. Variáveis de sets compartilhados não são alteradas pela spec do item; mantêm o texto original."
